[{"model": "products.category", "pk": 1, "fields": {"name": "Football-Trainers", "friendly_name": "football trainers"}}, {"model": "products.category", "pk": 2, "fields": {"name": "Nike-and-Adidas", "friendly_name": "nike & adidas"}}, {"model": "products.category", "pk": 3, "fields": {"name": "Others-Football", "friendly_name": "others football"}}, {"model": "products.category", "pk": 4, "fields": {"name": "Rackets-and-Shuttles", "friendly_name": "rackets & shuttles"}}, {"model": "products.category", "pk": 5, "fields": {"name": "Badminton-Shoes", "friendly_name": "badminton shoes"}}, {"model": "products.category", "pk": 6, "fields": {"name": "Cricket-Bats-And-Balls", "friendly_name": "cricket bats and balls"}}, {"model": "products.category", "pk": 7, "fields": {"name": "Cricket-Shoes", "friendly_name": "cricket shoes"}}, {"model": "products.category", "pk": 8, "fields": {"name": "Other-Cricket-Accessories", "friendly_name": "other cricket accessories"}}, {"model": "products.category", "pk": 9, "fields": {"name": "New-Arrivals", "friendly_name": "new arrivals"}}, {"model": "products.category", "pk": 10, "fields": {"name": "Deals", "friendly_name": "deals"}}, {"model": "products.category", "pk": 11, "fields": {"name": "Clearance", "friendly_name": "clearance"}}, {"model": "products.product", "pk": 2, "fields": {"category": 1, "sku": "08518519_l", "name": "Mercurial Vapor Academy Childrens Astro Turf Trainers", "description": "These Nike Mercurial Vapor Academy Children's Astro Turf Trainers have been engineered with a textured upper for an impressive first touch, whilst the lightweight design allows you to reach top speeds with ease so you can instil fear in your opponents with your fast play. The boots have a non-marking rubber outsole with moulded studs for superior traction, whilst the Nike Swoosh branding and Mercurial detailing completes the stylish look. If you are looking for gifts for sports lover then this product is one of the best football gift.", "has_sizes": true, "price": "55.00", "rating": "4.50", "image_url": null, "image": "08518519_l.webp"}}, {"model": "products.product", "pk": 3, "fields": {"category": 1, "sku": "08518544_l", "name": "NIKE Mercurial Vapor Academy Junior Astro Turf Trainers", "description": "These Nike Mercurial Vapor Academy Junior Astro Turf Trainers have been crafted with a textured upper for enhanced control, whilst the non-marking rubber outsole with moulded studs ensures superior traction and the Nike Swoosh branding completes the stylish on-pitch look. If you are looking for gifts for sports lover then this product is one of the best football gift.", "has_sizes": true, "price": "40.00", "rating": "3.90", "image_url": null, "image": "08518544_l.jpeg"}}, {"model": "products.product", "pk": 4, "fields": {"category": 1, "sku": "08101412_l", "name": "Phantom GT Club Childrens Astro Turf Trainers", "description": "These kids Phantom GT Club Astro Turf trainers from Nike benefit from being crafted with a non-marking rubber outsole with moulded studs for optimal traction, while the off-centre lacing allows you to strike the ball cleanly and the texturing on the upper allows you control the ball with ease. If you are looking for gifts for sports lover then this product is one of the best football gift.", "has_sizes": true, "price": "60.00", "rating": "4.00", "image_url": null, "image": "08101412_l.jpeg"}}, {"model": "products.product", "pk": 5, "fields": {"category": 1, "sku": "26100503_l", "name": "Premier 3 Astro Turf Trainers", "description": "These Nike Premier 3 Astro Turf Trainers from Nike have been crafted with premium leather to help enhance your first touch, while the fold-over tongue features a cut line so you can choose between a classic or modern look. The boots have a non-marking rubber outsole with moulded lugs for multi-directional traction on synthetic surfaces and the Nike Swoosh branding completes the design. If you are looking for gifts for sports lover then this product is one of the best football gift.", "has_sizes": true, "price": "70.00", "rating": "5.00", "image_url": null, "image": "26100503_l.webp"}}, {"model": "products.product", "pk": 6, "fields": {"category": 1, "sku": "26102603_l", "name": "Phantom GT Academy DF Astro Turf Trainers", "description": "These Nike Phantom Academy Astro Turf Trainers have been developed with a Dynamic Fit collar which wraps your ankle for a snug, supportive and comfortable feel. The boots have a synthetic leather upper which features strategically placed texturing to enhance control, while the non-marking rubber outsole with moulded studs provides superior traction and the Nike Swoosh branding completes the look. If you are looking for gifts for sports lover then this product is one of the best football gift.", "has_sizes": true, "price": "70.78", "rating": "4.50", "image_url": null, "image": "26102603_l.webp"}}, {"model": "products.product", "pk": 7, "fields": {"category": 1, "sku": "08613201_l", "name": "Predator Freak .3 Junior Laceless Astro Turf Trainers", "description": "These Predator Freak .3 football boots have been optimised for astro turf surfaces thanks to the non-marking rubber outsole with moulded lugs for optimal traction, while the mid-cut design delivers impressive support around the ankle and the 3D-printed demonscale technology on the upper helps boost control as well as allowing you to manipulate the ball with superior swerve. The soft and adaptable laceless upper provides a locked in fit as well as allowing you strike the ball with zero interference, while the adidas branding and Predator detailing completes the design. If you are looking for gifts for sports lover then this product is one of the best football gift.", "has_sizes": true, "price": "55.00", "rating": "4.90", "image_url": null, "image": "08613201_l.jpeg"}}, {"model": "products.product", "pk": 8, "fields": {"category": 1, "sku": "08613940_l", "name": "Predator .3 Junior Astro Turf Trainers", "description": "These Predator .3 football boots by adidas have been crafted with a mid-cut design which delivers a supportive fit around the ankle, while the 3D-printed Demonscale elements on the upper brings game-changing control and swerve to your game. The boots have a non-marking rubber outsole with moulded lugs for optimal traction on astro turf surfaces and the adidas branding is assisted by Predator detailing to complete the look. If you are looking for gifts for sports lover then this product is one of the best football gift.", "has_sizes": true, "price": "59.00", "rating": "4.80", "image_url": null, "image": "08613940_l.jpeg"}}, {"model": "products.product", "pk": 9, "fields": {"category": 1, "sku": "08614710_l", "name": "X Messi .3 Junior Astro Turf Trainers", "description": "The adidas X Messi .3 TF Juniors Football Trainers are perfect for training sessions and matches, crafted with a shaped ankle collar and lace fastening that provides a secure fit, while the cushioned insole and midsole give a responsive feel. A moulded outsole provides fantastic traction for sudden turns and stops, while a textured finish across the upper helps aid with ball touch and control, completed with a colourful graphic detail and the adidas branding. If you are looking for gifts for sports lover then this product is one of the best football gift.", "has_sizes": true, "price": "45.00", "rating": "4.70", "image_url": null, "image": "08614710_l.webp"}}, {"model": "products.product", "pk": 10, "fields": {"category": 1, "sku": "08609345_l", "name": "Goletto Junior Astro Turf Trainers", "description": "These Goletto junior astro turf trainers have been developed with a non-marking rubber outsole with moulded studs to maximise traction, while the cushioned insole and padded ankle collar allows you to play your game in comfort and the soft, synthetic upper features stitched detailing to help boost control. The football boots come complete with a lace fastening to deliver a locked in fit and the adidas branding rounds off the design perfect for any keen football player. If you are looking for gifts for sports lover then this product is one of the best football gift.", "has_sizes": true, "price": "30.00", "rating": "4.50", "image_url": null, "image": "08609345_l.webp"}}, {"model": "products.product", "pk": 11, "fields": {"category": 1, "sku": "26312508_l", "name": "Copa Sense .3 Astro Turf Trainers", "description": "Engineered to deliver a commanding first touch, these Copa Sense .3 football boots have been crafted with a leather vamp for ultimate control and comfort. The boots provide an anatomical fit thanks to the seamless upper moulding to the contours of your feet, whereas the non-marking rubber outsole with moulded studs maximise traction and the three-stripe branding completes design. If you are looking for gifts for sports lover then this product is one of the best football gift.", "has_sizes": true, "price": "56.00", "rating": "4.10", "image_url": null, "image": "26312508_l.webp"}}, {"model": "products.product", "pk": 12, "fields": {"category": 2, "sku": "82823001_l", "name": "Futsal Maestro Football", "description": "Nike Futsal Maestro football gives you a feeling of control when playing a match in a sports hall. Hand-sewn construction guarantees durability and abrasion resistance. If you are looking for gifts for sports lover then this product is one of the best football gift.", "has_sizes": false, "price": "20.00", "rating": "3.20", "image_url": null, "image": "82823001_l.jpeg"}}, {"model": "products.product", "pk": 13, "fields": {"category": 2, "sku": "82819630_l", "name": "Premier League Pitch Football", "description": "Play football like your heroes with this Nike Pitch Football, benefiting from a machine stitched construction which delivers optimal shape retention and performance. If you are looking for gifts for sports lover then this product is one of the best football gift.", "has_sizes": false, "price": "17.00", "rating": "3.00", "image_url": null, "image": "82819630_l.jpeg"}}, {"model": "products.product", "pk": 14, "fields": {"category": 2, "sku": "82819332_l", "name": "Premier League Pitch Football", "description": "Play football like your heroes with this Nike Pitch Football, benefiting from a machine stitched construction which delivers optimal shape retention and performance. If you are looking for gifts for sports lover then this product is one of the best football gift.", "has_sizes": false, "price": "19.00", "rating": "3.50", "image_url": null, "image": "82819332_l.jpeg"}}, {"model": "products.product", "pk": 15, "fields": {"category": 2, "sku": "82800427_l", "name": "Strike Premier League Football", "description": "Emulate your heroes on the pitch with this Nike Strike Premier League Football which is ready for everyday play and features a high-contrast graphic design which allows you to track the the ball with ease. The ball has Nike Aerowtrac grooves which delivers an accurate ball flight right off the foot, whilst the textured casing helps enhance control and the balls 12-panels are machine stitched for long-lasting durability. If you are looking for gifts for sports lover then this product is one of the best football gift.", "has_sizes": false, "price": "25.45", "rating": "4.00", "image_url": null, "image": "82800427_l.jpeg"}}, {"model": "products.product", "pk": 16, "fields": {"category": 2, "sku": "82819313_l", "name": "Premier League Pitch Football", "description": "Play football like your heroes with this Nike Pitch Football, benefiting from a machine stitched construction which delivers optimal shape retention and performance.\r\nAssociated Activity.\r\nIf you are looking for gifts for sports lover then this product is one of the best football gift.", "has_sizes": false, "price": "22.00", "rating": "3.10", "image_url": null, "image": "82819313_l.jpeg"}}, {"model": "products.product", "pk": 17, "fields": {"category": 2, "sku": "82820801_l", "name": "WC Top Training Football", "description": "Practise your skills like the pro's with this World Cup 2022 Al Rihla Training Football from adidas. In a white colourway with a Pantone print throughout, this size 5 training ball has a durable butyl bladder for consistent ball flight. It features a soft TPU cover and textured surface for premium grip when running the show. If you are looking for gifts for sports lover then this product is one of the best football gift.", "has_sizes": false, "price": "30.45", "rating": "4.50", "image_url": null, "image": "82820801_l.webp"}}, {"model": "products.product", "pk": 18, "fields": {"category": 2, "sku": "82817301_l", "name": "Ekstraklasa Training Football", "description": "Refine your skills this adidas Ekstraklasa Training Football which has been crafted with textured panels to help enhance control and performance, while the graphic design allows you to track the flight of the ball with ease and the butyl bladder and machine stitched construction delivers incredible shape retention and durability. If you are looking for gifts for sports lover then this product is one of the best football gift.", "has_sizes": false, "price": "22.00", "rating": "3.40", "image_url": null, "image": "82817301_l.webp"}}, {"model": "products.product", "pk": 19, "fields": {"category": 2, "sku": "82702574_l", "name": "Football Uniforia Club Ball", "description": "The adidas Glider Finale Football has been engineered with a machine stitched casing featuring the official adidas branding. Please Note: Style / colour may vary. Machine stitched TPU case. If you are looking for gifts for sports lover then this product is one of the best football gift.", "has_sizes": false, "price": "19.00", "rating": "4.60", "image_url": null, "image": "82702574_l.webp"}}, {"model": "products.product", "pk": 20, "fields": {"category": 2, "sku": "82702541_l", "name": "Football Uniforia Club Ball", "description": "The adidas Glider Finale Football has been engineered with a machine stitched casing featuring the official adidas branding. Please Note: Style / colour may vary. Machine stitched TPU case. If you are looking for gifts for sports lover then this product is one of the best football gift.", "has_sizes": false, "price": "17.00", "rating": "4.70", "image_url": null, "image": "82702541_l.webp"}}, {"model": "products.product", "pk": 21, "fields": {"category": 2, "sku": "82702538_l", "name": "Football Uniforia Club Ball", "description": "The adidas Glider Finale Football has been engineered with a machine stitched casing featuring the official adidas branding. Please Note: Style / colour may vary. Machine stitched TPU case. If you are looking for gifts for sports lover then this product is one of the best football gift.", "has_sizes": false, "price": "21.00", "rating": "4.30", "image_url": null, "image": "82702538_l.jpeg"}}, {"model": "products.product", "pk": 22, "fields": {"category": 3, "sku": "82001004_l", "name": "Classic Football", "description": "Show your support for your team as you have a kickabout with this Team Classic Football, constructed from a durable PU outer in a 32 panel stitched construction for long lasting use. It features team colours, name and crest for a great look. If you are looking for gifts for sports lover then this product is one of the best football gift.", "has_sizes": false, "price": "15.00", "rating": "4.60", "image_url": null, "image": "82001004_l.jpeg"}}, {"model": "products.product", "pk": 23, "fields": {"category": 3, "sku": "82001002_l", "name": "Classic Football", "description": "Show your support for your team as you have a kickabout with this Team Classic Football, constructed from a durable PU outer in a 32 panel stitched construction for long lasting use. It features team colours, name and crest for a great look. If you are looking for gifts for sports lover then this product is one of the best football gift.", "has_sizes": false, "price": "13.00", "rating": "4.20", "image_url": null, "image": "82001002_l.jpeg"}}, {"model": "products.product", "pk": 24, "fields": {"category": 3, "sku": "82702521_l", "name": "Football Uniforia Club Ball", "description": "The adidas Glider Finale Football has been engineered with a machine stitched casing featuring the official adidas branding. Please Note: Style / colour may vary. Machine stitched TPU case. If you are looking for gifts for sports lover then this product is one of the best football gift.", "has_sizes": false, "price": "20.00", "rating": "4.30", "image_url": null, "image": "82702521_l.webp"}}, {"model": "products.product", "pk": 25, "fields": {"category": 3, "sku": "82100601_l", "name": "Impel Football", "description": "The Mitre Impel Football is ideal for all weather training thanks to a soft foam lining for superb first touch time after time and a reinforced rubber bladder for outstanding air retention. If you are looking for gifts for sports lover then this product is one of the best football gift.", "has_sizes": false, "price": "10.00", "rating": "4.20", "image_url": null, "image": "82100601_l.webp"}}, {"model": "products.product", "pk": 26, "fields": {"category": 3, "sku": "82812601_l", "name": "EFL teamFINAL 3 Football", "description": "This replica football of the English Football League has been developed with Puma's THB moulded process which provides excellent shape retention, durability and reduced water absorption. The ball has a unique 8 panel configuration with a 0.4mm textured PU surface for improved aerodynamics and greater control, while the rubber bladder is assisted by the PAL (Puma Air Lock) valve which offers excellent air retention and the FIFA Quality certification guarantees an excellent level of performance. If you are looking for gifts for sports lover then this product is one of the best football gift.", "has_sizes": false, "price": "35.00", "rating": "5.00", "image_url": null, "image": "82812601_l.webp"}}, {"model": "products.product", "pk": 27, "fields": {"category": 4, "sku": "72309862_l", "name": "Muscle Power 5 Badminton Racket", "description": "Muscle Power 5 - MUSCLE POWER frame for high-level control and all round playability for beginners. If you are looking for gifts for sports lover then this product is one of the best badminton gift.", "has_sizes": false, "price": "25.00", "rating": "4.50", "image_url": null, "image": "72309862_l.webp"}}, {"model": "products.product", "pk": 28, "fields": {"category": 4, "sku": "38734669_l", "name": "Aeroblade 3 Badminton Racket", "description": "Perfect for any level of player, whether you just want to bat around with friends or get ready to workout and train hard. If you are looking for gifts for sports lover then this product is one of the best badminton gift.", "has_sizes": false, "price": "22.00", "rating": "5.00", "image_url": null, "image": "38734669_l.webp"}}, {"model": "products.product", "pk": 29, "fields": {"category": 4, "sku": "72315090_l_a1", "name": "Kinesis X1 Badminton Racket", "description": "Get ready to swing with this Carlton Kinesis X1 Badminton Racket. If you are looking for gifts for sports lover then this product is one of the best badminton gift.", "has_sizes": false, "price": "65.00", "rating": "4.90", "image_url": null, "image": "72315090_l_a1.webp"}}, {"model": "products.product", "pk": 30, "fields": {"category": 4, "sku": "72325920_l_a1", "name": "Turbo Badminton Racket Mens", "description": "The Prince Turbo Badminton Racket is a great starter racket for recreational use. It also is fantastic value for money. This is a beginner racket that comes with a central balanced balance. This racket has a stiff flex ensuring some power can be created hen playing. If you are looking for gifts for sports lover then this product is one of the best badminton gift.", "has_sizes": false, "price": "15.00", "rating": "4.10", "image_url": null, "image": "72325920_l_a1.webp"}}, {"model": "products.product", "pk": 31, "fields": {"category": 4, "sku": "72301890_l_a1", "name": "Blackstorm Graphite Badminton Racket", "description": "The Dunlop Blackstorm Graphite Badminton Racket is ideal for any badminton players just starting out. The racket features an oval shape design that allows for greater accuracy whilst also being able to generate amazing power on your shots. If you are looking for gifts for sports lover then this product is one of the best badminton gift.", "has_sizes": false, "price": "40.00", "rating": "5.00", "image_url": null, "image": "72301890_l_a1.webp"}}, {"model": "products.product", "pk": 32, "fields": {"category": 4, "sku": "72501901_l_a3", "name": "Mavis 200 Shut 00", "description": "Suitable for standard conditions, practicing or in tournament these Yonex Mavis Shuttlecocks have stable flight properties giving a consistent speed and have a durable design with a volant nylon construction giving optimal performance. If you are looking for gifts for sports lover then this product is one of the best badminton gift.", "has_sizes": false, "price": "10.00", "rating": "5.00", "image_url": null, "image": "72501901_l_a3.webp"}}, {"model": "products.product", "pk": 33, "fields": {"category": 4, "sku": "72502113_l", "name": "Mavis 300 Shuttlecocks", "description": "Suitable for standard conditions, practicing or in tournament these Yonex Mavis Shuttlecocks have stable flight properties giving a consistent speed and have a durable design with a volant nylon construction giving optimal performance. If you are looking for gifts for sports lover then this product is one of the best badminton gift.", "has_sizes": false, "price": "15.00", "rating": "4.60", "image_url": null, "image": "72502113_l.webp"}}, {"model": "products.product", "pk": 34, "fields": {"category": 4, "sku": "72502213_l", "name": "F1 Shuttlecocks", "description": "The Carlton F1 Shuttlecocks are perfect for your next badminton match. These shuttlecocks are constructed from a durable synthetic skirt for increased durability. If you are looking for gifts for sports lover then this product is one of the best badminton gift.", "has_sizes": false, "price": "9.00", "rating": "4.10", "image_url": null, "image": "72502213_l.webp"}}, {"model": "products.product", "pk": 35, "fields": {"category": 4, "sku": "72504501_l", "name": "GT4 Feathered Shuttlecocks", "description": "The practice grade Carlton GT4 Feathered Shuttlecocks are perfect for training, practice, and club play, featuring a feathered end for a more accurate flight, these Feathered Shuttlecocks are highly durable. If you are looking for gifts for sports lover then this product is one of the best badminton gift.", "has_sizes": false, "price": "21.00", "rating": "4.30", "image_url": null, "image": "72504501_l.webp"}}, {"model": "products.product", "pk": 36, "fields": {"category": 4, "sku": "72501101_l", "name": "T800 Shuttlecocks", "description": "The Carlton T800 Shuttlecocks are perfect for your next match and are constructed with durable synthetic skirt for premium quality. If you are looking for gifts for sports lover then this product is one of the best badminton gift.", "has_sizes": false, "price": "12.00", "rating": "4.00", "image_url": null, "image": "72501101_l.webp"}}, {"model": "products.product", "pk": 37, "fields": {"category": 5, "sku": "14001438_l", "name": "Airblade Tour Mens Court Shoes", "description": "Enhance your game wearing these Carlton Airblade Court Shoes offer a premium blend of comfort, durability and stability thanks to the Anti Glide System coupled with anti torsion shank in the midsole for dynamic stability and exceptional comfort all game long, with AEGIs Microbe Shield which fights odours and bacteria leaving your shoes fresher for longer. These Carlton Trainers benefit from a quality non-marking outsole with a unique tread pattern for exception grip on the court which allows for rapid changes of direction and enhanced maneuverability, finished with signature Carlton branding. Please note: The colour you receive may vary from the image shown. If you are looking for gifts for sports lover then this product is one of the best badminton gift.", "has_sizes": true, "price": "50.00", "rating": "4.30", "image_url": null, "image": "14001438_l.webp"}}, {"model": "products.product", "pk": 38, "fields": {"category": 5, "sku": "14506401_l", "name": "Pwr Cush 37 Sn31", "description": "Entry model providing a comfortable soft fit. If you are looking for gifts for sports lover then this product is one of the best badminton gift.", "has_sizes": true, "price": "60.00", "rating": "5.00", "image_url": null, "image": "14506401_l.jpeg"}}, {"model": "products.product", "pk": 39, "fields": {"category": 5, "sku": "14529215_l", "name": "Hawk Indoor Court Shoe", "description": "Give yourself an advantage on the court with these Salming Hawk Indoor Court Shoes, designed to aid quick, dynamic play. Comfort is also a priority for the designers, with a breathable inner-sock ensuring the foot is both comfortable and cool. Available in two colours, the shoe's design features the Salming logo on the side, a hexagonal grip rubber sole and a padded back heel. If you are looking for gifts for sports lover then this product is one of the best badminton gift.", "has_sizes": true, "price": "100.00", "rating": "5.00", "image_url": null, "image": "14529215_l.webp"}}, {"model": "products.product", "pk": 40, "fields": {"category": 5, "sku": "14097701_l", "name": "Speedcourt Squash Shoes Mens", "description": "These Adidas Speedcourt Trainers are crafted with lace fastening and a padded ankle collar. They feature a cushioned insole for comfort and a non-marking sole for grip on the court. These trainers are a lightweight construction and are complete with Adidas branding. If you are looking for gifts for sports lover then this product is one of the best badminton gift.", "has_sizes": true, "price": "40.00", "rating": "5.00", "image_url": null, "image": "14097701_l.webp"}}, {"model": "products.product", "pk": 41, "fields": {"category": 5, "sku": "14000340_l", "name": "Turbo Pro Indoor Shoes", "description": "The Prince Turbo Pro Indoor Shoes are designed with a highly padded ankle collar and tongue for cushioned comfort, with a cushioned insole for underfoot comfort and mesh upper with synthetic overlays for a ventilated but durable design. The rubber sole creates traction for sharp movements, whilst Prince branding completes the design. If you are looking for gifts for sports lover then this product is one of the best badminton gift.", "has_sizes": true, "price": "35.00", "rating": "4.00", "image_url": null, "image": "14000340_l.jpeg"}}, {"model": "products.product", "pk": 42, "fields": {"category": 6, "sku": "85299799_l", "name": "Diamond 200 Cricket Bat Adults", "description": "This Gunn And Moore Diamond 200 Cricket Bat will allow you to place your favourite shots in the nets or on the field. Crafted from grade 1 willow with a hex handle grip that allows for excellent control, this bat features a traditional full blade profile and a flowing contoured spine. Finished with the Gunn And Moore branding throughout. If you are looking for gifts for sports lover then this product is one of the best cricket gift.", "has_sizes": false, "price": "40.00", "rating": "4.30", "image_url": null, "image": "85299799_l.webp"}}, {"model": "products.product", "pk": 43, "fields": {"category": 6, "sku": "85314099_l", "name": "Ghost 7.1 Cricket Bat Jn23", "description": "Traditional Styling and clean classical graphics make the Ghost a favourite amongst stroke-players\r\n\r\n• Grade 2 Unbleached Alternative Willow\r\n• Non-Oil ‘Armourtec’ Face applied.\r\n\r\nIf you are looking for gifts for sports lover then this product is one of the best cricket gift.", "has_sizes": false, "price": "50.00", "rating": "5.00", "image_url": null, "image": "85314099_l.webp"}}, {"model": "products.product", "pk": 44, "fields": {"category": 6, "sku": "85105099_l", "name": "V200 XK1 Bat Mens", "description": "This Slazenger V200 Cricket Bat is crafted from willow tree with a block coloured gripped handle for good control and is completed with the signature Slazenger branding. If you are looking for gifts for sports lover then this product is one of the best cricket gift.", "has_sizes": false, "price": "30.00", "rating": "5.00", "image_url": null, "image": "85105099_l.webp"}}, {"model": "products.product", "pk": 45, "fields": {"category": 6, "sku": "85291399_l_a1", "name": "V500 SZR1 Cricket Bat", "description": "The Slazenger V500 SZR1 Cricket Bat features a willow wood construction with a padded contrasting handle that makes it brilliant for training sessions or casual matches, completed with the signature Slazenger branding to the blade. If you are looking for gifts for sports lover then this product is one of the best cricket gift.", "has_sizes": false, "price": "28.00", "rating": "4.30", "image_url": null, "image": "85291399_l_a1.webp"}}, {"model": "products.product", "pk": 46, "fields": {"category": 6, "sku": "85313099_l", "name": "Beast 9.1 Cricket Bat 23", "description": "The outstanding Kookaburra Beast Cricket Bat - manufactured in Kashmir Willow, ideal for the developing junior player\r\n\r\n• Kashmir Willow\r\n• Non-Oil ‘Pro Shield’ Face with Painted Back\r\n\r\nIf you are looking for gifts for sports lover then this product is one of the best cricket gift.", "has_sizes": false, "price": "34.00", "rating": "4.60", "image_url": null, "image": "85313099_l.webp"}}, {"model": "products.product", "pk": 47, "fields": {"category": 6, "sku": "85206808_l", "name": "League Cricket Ball", "description": "The Slazenger League Cricket Ball is perfect for practicing your technique and is ideal for junior matches. The ball features vegetable tanned leather and a moulded cork centre for a quality finish. Our sports store provides best \r\nquality sports equipments. If you are looking for gifts for sports lover then this product is one of the best cricket gift.", "has_sizes": false, "price": "7.00", "rating": "4.40", "image_url": null, "image": "85206808_l.jpeg"}}, {"model": "products.product", "pk": 48, "fields": {"category": 6, "sku": "85311308_l", "name": "Gold Crown Cricket Ball 23", "description": "Kookaburra are world famous as one the oldest established cricket ball manufacturers whose products are used worldwide in International & First Class Cricket\r\n\r\nThe Kookaburra Gold Crown represents excellent value for money with a quality construction leaning on the Companies vast heritage in cricket ball manufacture\r\n\r\n• Hand stitched 4-piece construction\r\n• Waxed and finished to English requirements\r\n• Durable hide cover.\r\nIf you are looking for gifts for sports lover then this product is one of the best cricket gift.", "has_sizes": false, "price": "15.00", "rating": "4.80", "image_url": null, "image": "85311308_l.jpeg"}}, {"model": "products.product", "pk": 49, "fields": {"category": 6, "sku": "85200408_l", "name": "Gun and Moore Swing King Ball", "description": "The Gunn and Moore Swing King Ball is the the incredible reverse swinging ball. Made For Fun Aerodynamically Designed Reverse Swing Like The Pro's Designed with University Assistance Ideal for fun training. If you are looking for gifts for sports lover then this product is one of the best cricket gift.", "has_sizes": false, "price": "5.00", "rating": "4.40", "image_url": null, "image": "85200408_l.jpeg"}}, {"model": "products.product", "pk": 50, "fields": {"category": 6, "sku": "85003401_l", "name": "Super Coach Soft Cricket Ball", "description": "The Kookaburra Super Coach Soft Ball is an ideal introduction to the game of cricket - manufactured in the UK. If you are looking for gifts for sports lover then this product is one of the best cricket gift.", "has_sizes": false, "price": "8.00", "rating": "4.50", "image_url": null, "image": "85003401_l.webp"}}, {"model": "products.product", "pk": 51, "fields": {"category": 6, "sku": "85285701_l", "name": "Club Safety Ball Boxed (Dozen)", "description": "Excellent soft practice cricket ball in individual boxes with artificial seam to better replicate a real cricket ball, ideal for practicing batting, bowling & fielding. If you are looking for gifts for sports lover then this product is one of the best cricket gift.", "has_sizes": false, "price": "40.00", "rating": "5.00", "image_url": null, "image": "85285701_l.webp"}}, {"model": "products.product", "pk": 52, "fields": {"category": 7, "sku": "14200301_l", "name": "Pro 4.0 Cricket Shoe - Spike Sole Sn23", "description": "The Kookaburra Pro 4.0 Spiked Sole Cricket Shoe offers players fantastic value - an extremely comfortable & functional cricket shoe suitable for use on natural turf pitches\r\n\r\nDNA – Club\r\n\r\nFeatures\r\n• Breathable & flexible mesh upper with integrated padded tongue\r\n• Athletic style ‘slip last’ with thermo-plastic heel counter for comfort & support\r\n• Padded ankle & heel.\r\nIf you are looking for gifts for sports lover then this product is one of the best cricket gift.", "has_sizes": true, "price": "65.00", "rating": "5.00", "image_url": null, "image": "14200301_l.webp"}}, {"model": "products.product", "pk": 53, "fields": {"category": 7, "sku": "14200801_l", "name": "Gun And Moore Test Shoes Mens", "description": "These Gunn And Moore Test Shoes will provide lightweight comfort and support during each over. Crafted with a lightweight outsole, they feature strategically placed spikes to firmly grip the ground, whilst the GM LoPro Sole unit provides a sleek and athletic fit. With three dimensional comfort lining for a superior long lasting fit and feel, the shoes are fastened with a lace up closure and finished with the GM branding. If you are looking for gifts for sports lover then this product is one of the best cricket gift.", "has_sizes": true, "price": "49.00", "rating": "4.30", "image_url": null, "image": "14200801_l.jpeg"}}, {"model": "products.product", "pk": 54, "fields": {"category": 7, "sku": "14204401_l", "name": "Adidas 22YDS Full Spike Cricket Shoes", "description": "We engineered a boot for the dynamic batsmen. Comfort and extreme grip allow for hours in the middle with the agility and explosive turn of pace needed for those quick singles.\r\n• Inlay: adiPRENE®+lined insole dissipates rebound shockwaves to reduce stress on joints and soft tissues.\r\n• Midsole: Compression-moulded EVA for lightweight cushioning.\r\n• Outsole: Cricket-engineered, full-rubber Traxion® outsole perfect for nets training or hard pitches.\r\n• TORSION® SYSTEM with CLIMACOOL® vents provides bridged midfoot support and forefoot flexibility.\r\n• Compression-moulded EVA for lightweight cushioning.\r\nIf you are looking for gifts for sports lover then this product is one of the best cricket gift.", "has_sizes": true, "price": "120.00", "rating": "5.00", "image_url": null, "image": "14204401_l.webp"}}, {"model": "products.product", "pk": 55, "fields": {"category": 7, "sku": "14201401_l", "name": "Puma Spike 19.1 Sn23", "description": "Very nice and comfortable shoes for playing cricket. If you are looking for gifts for sports lover then this product is one of the best cricket gift.", "has_sizes": true, "price": "70.00", "rating": "4.70", "image_url": null, "image": "14201401_l.jpeg"}}, {"model": "products.product", "pk": 56, "fields": {"category": 7, "sku": "70647869_l", "name": "Payntr V Jnr Cricket Spike", "description": "Innovate your game with the PAYNTR V. Offering a high-performance shoe, at an affordable price.\r\n\r\n- Responsive padding, including padded mesh tongue, around the ankle and neckline to ensure comfort, protection and support.\r\n- The honeycomb insole gives cushioning to the arch of the foot.\r\n- 7/2 spike formation in TPU outsole with 5mm lugs for increased grip and traction.\r\n- PAYNTR foam padded side cage and lightweight PU upper allow for lasting durability of the shoe.\r\n- Responsive eva mid-sole.\r\n- Reinforced toe box.\r\n\r\nNot recommended for fast bowling.\r\nIf you are looking for gifts for sports lover then this product is one of the best cricket gift.", "has_sizes": true, "price": "45.00", "rating": "4.90", "image_url": null, "image": "70647869_l.webp"}}, {"model": "products.product", "pk": 57, "fields": {"category": 8, "sku": "85298901_l", "name": "Gun And Moore Diamond 400 Batting Pads Adults", "description": "These Gunn And Moore Diamond 400 Batting Pads are perfect for those Sunday games or sessions at the nets. Modelled on the pads used by Ashes hero Ben Stokes, they feature a high density foam/reverse cane construction, a low density foam vertical bolster, a stitched-in top hat and 3 straps for security. Finished with the Gunn And Moore Diamond branding throughout.\r\nIf you are looking for gifts for sports lover then this product is one of the best cricket gift.", "has_sizes": false, "price": "35.00", "rating": "4.20", "image_url": null, "image": "85298901_l.webp"}}, {"model": "products.product", "pk": 58, "fields": {"category": 8, "sku": "85298301_l", "name": "Prima 600 Batting Gloves Unisex", "description": "Ideal for cricketers to up their game or lovers of the sport, these gloves have been designed with a protective PVC layer to the back of the hand with a cotton palm for a comfortable fit and protection during wear. With raw cotton finger rolls and back of hand filling with a two-piece thumb, these gloves are secured with a touch-close fastening to the cuff with a single sided sweatband. If you are looking for gifts for sports lover then this product is one of the best cricket gift.", "has_sizes": false, "price": "33.00", "rating": "4.40", "image_url": null, "image": "85298301_l.webp"}}, {"model": "products.product", "pk": 59, "fields": {"category": 8, "sku": "85283018_l", "name": "V2 Series Cricket Helmet Adults", "description": "This Slazenger V2 Series Cricket Helmet Adults will keep you safe throughout the over. Crafted with a ventilated shell to help keep you cool, along with a metal face grill, dial adjustable fastening and a foam padded chin strap, the helmet is then completed with a block colour and the classic Slazenger branding. If you are looking for gifts for sports lover then this product is one of the best cricket gift.", "has_sizes": false, "price": "42.00", "rating": "4.60", "image_url": null, "image": "85283018_l.webp"}}, {"model": "products.product", "pk": 60, "fields": {"category": 8, "sku": "85296803_l", "name": "500 Duffle Bag - Kahuna 23", "description": "The Kookaburra 500 Duffle Bag provides junior players plenty of room for their kit\r\n\r\nManufactured in a combination of strong & durable 600d & 500d materials it represents excellent value for money\r\n\r\nColour - Kahuna (Green, Black & Lime)\r\n\r\nFeatures\r\n• Padded straps\r\n• Integral padded bat sleeve (Bats x 1)\r\n• External Pockets x 1\r\n\r\nSize – 70cm x 28cm x 24cm.\r\nIf you are looking for gifts for sports lover then this product is one of the best cricket gift.", "has_sizes": false, "price": "28.00", "rating": "4.50", "image_url": null, "image": "85296803_l.webp"}}, {"model": "products.product", "pk": 61, "fields": {"category": 8, "sku": "85288369_l", "name": "Spring Stumps", "description": "These Slazenger Spring Stumps are ideal for practising your bowling, fielding or wicket keeping. Featuring 3 wooden stumps attached to a heavy metal stand, they include a spring return system allowing them to easily spring back into place. Whilst perfect for indoor or outdoor use, these stumps are finished with the Slazenger branding throughout. If you are looking for gifts for sports lover then this product is one of the best cricket gift.", "has_sizes": false, "price": "38.00", "rating": "4.70", "image_url": null, "image": "85288369_l.webp"}}, {"model": "products.product", "pk": 62, "fields": {"category": 8, "sku": "85283101_l", "name": "Panama Hat Mens", "description": "Perfect for the summer months ahead, this Panama hat from Slazenger will make a great accessory to compliment your urban, summer looks. If you are looking for gifts for sports lover then this product is one of the best cricket gift.", "has_sizes": false, "price": "10.00", "rating": "5.00", "image_url": null, "image": "85283101_l.webp"}}, {"model": "products.product", "pk": 63, "fields": {"category": 9, "sku": "85405001_l", "name": "Pro Inner Gloves", "description": "Get all your cricket essentials sorted with the Pro Inner Gloves by Slazenger are a great addition to your game. These full inner gloves are crafted in a slip on style and designed to line the inside of your gloves, they feature an elasticated trim for a more precise fit. Heling absorb moisture so you can focus on your batting. The look is completed by the iconic Slazenger log patch to the back of the hand.", "has_sizes": true, "price": "5.00", "rating": "4.60", "image_url": null, "image": "85405001_l.webp"}}, {"model": "products.product", "pk": 64, "fields": {"category": 9, "sku": "85315018_l", "name": "Eng Cap Sn23", "description": "Handmade cap with blue colour, best for playing in summer.", "has_sizes": true, "price": "30.00", "rating": "4.80", "image_url": null, "image": "85315018_l.jpeg"}}, {"model": "products.product", "pk": 65, "fields": {"category": 9, "sku": "85702901_l", "name": "Classic Abdo Guard", "description": "The Slazenger Classic Abdo Guard has a protection rating of International. This cup guard provides padded classic styled protection. The abdo guard or box as it's commonly known is one of the most important pieces of cricket protection and this classic will keep you protected game after game, finished off with Slazenger branding that provides a great look and also offers instant brand recognition.", "has_sizes": true, "price": "6.00", "rating": "4.50", "image_url": null, "image": "85702901_l.webp"}}, {"model": "products.product", "pk": 66, "fields": {"category": 9, "sku": "70023101_l", "name": "Arm Guard Adults", "description": "This Slazenger Arm Guard will make you feel more protected in the nets or during your Sunday sessions. Crafted in an ambidextrous fit with ultra light impact absorption foam, the guard is secured with an elasticated fastening and finished with the Slazenger branding.", "has_sizes": true, "price": "4.00", "rating": "4.40", "image_url": null, "image": "70023101_l.jpeg"}}, {"model": "products.product", "pk": 67, "fields": {"category": 9, "sku": "72302190_l_a1", "name": "Graviton AP 8300 Badminton Racket", "description": "The Dunlop Graviton AP-8300 Badminton Racket is constructed from Japanese HM Carbon designed to reduce frame density and increase head speed and manoeuvrability. If you are looking for gifts for sports lover then this product is one of the best badminton gift.", "has_sizes": false, "price": "55.00", "rating": "4.90", "image_url": null, "image": "72302190_l_a1.webp"}}, {"model": "products.product", "pk": 68, "fields": {"category": 9, "sku": "72007201_l", "name": "Sensation Badminton Grips 2 Pack", "description": "Ideal for competitive players looking for a more premium badminton grip with great absorption and a tacky feel. These are a must have for the badminton fan in your life. Provided in a pack of two.", "has_sizes": false, "price": "7.00", "rating": "4.80", "image_url": null, "image": "72007201_l.webp"}}, {"model": "products.product", "pk": 69, "fields": {"category": 9, "sku": "37306818_l", "name": "Chelsea Home Socks 2022 2023 Adults", "description": "The Nike Chelsea Home Socks 2022 2023 are a must have for completing the full kit. Designed with extra padding around the heel and toes for optimum comfort, the moisture wicking fabric will keep your feet cool and dry. The socks are complete with Nike and Chelsea FC branding for a sporty appeal.", "has_sizes": true, "price": "19.00", "rating": "4.70", "image_url": null, "image": "37306818_l.webp"}}, {"model": "products.product", "pk": 70, "fields": {"category": 9, "sku": "83713540_l", "name": "Nike Mercurial Goalkeeper Gloves Mens", "description": "Elevate your game and be confident commanding the penalty area with these Mercurial Goalkeeper Gloves which have been designed with ACC (All Conditions Control) technology which delivers optimal grip in both wet and dry conditions. The gloves have perforated mesh which adds lightweight breath-ability, while the durable foam absorbs the shock of stinging shots and the stretchy wristband offers a secure fit.", "has_sizes": true, "price": "70.00", "rating": "4.90", "image_url": null, "image": "83713540_l.jpeg"}}, {"model": "products.product", "pk": 71, "fields": {"category": 9, "sku": "82001001_l", "name": "Classic Football", "description": "Show your support for your team as you have a kickabout with this Team Classic Football, constructed from a durable PU outer in a 32 panel stitched construction for long lasting use. It features team colours, name and crest for a great look. If you are looking for gifts for sports lover then this product is one of the best football gift.", "has_sizes": false, "price": "18.00", "rating": "4.80", "image_url": null, "image": "82001001_l.webp"}}, {"model": "products.product", "pk": 72, "fields": {"category": 10, "sku": "71357918_l", "name": "Puma MCFC Core Backpack", "description": "The Puma MCFC Core Backpack is perfect for everyday use with a large main compartment that is perfect for all your essentials on the go! This backpack has two padded and adjustable shoulder straps for added comfort complete with an outer zipped pocket and the signature Puma logo.", "has_sizes": true, "price": "12.00", "rating": "4.80", "image_url": null, "image": "71357918_l.jpeg"}}, {"model": "products.product", "pk": 73, "fields": {"category": 10, "sku": "82102099_l_a3", "name": "Sondico Mini Football", "description": "The Sondico Mini Football is perfect for practicing your balls skills on the pitch, suitable for use in all weather conditions.\r\n\r\n> Mini football.\r\nIf you are looking for gifts for sports lover then this product is one of the best football gift.", "has_sizes": false, "price": "7.00", "rating": "4.40", "image_url": null, "image": "82102099_l_a3.webp"}}, {"model": "products.product", "pk": 74, "fields": {"category": 10, "sku": "85044169_l", "name": "Cricket Bat Tape", "description": "The Slazenger Cricket Bat Tape is perfect for repairing your cricket bats.", "has_sizes": false, "price": "2.00", "rating": "4.80", "image_url": null, "image": "85044169_l.jpeg"}}, {"model": "products.product", "pk": 75, "fields": {"category": 10, "sku": "85087313_l", "name": "Ultra Bounce Ball 00", "description": "The Kookaburra Ultra Bounce ball is an ideal training aid for the serious cricketer allowing them to fine tune their skills against its eccentric bounce\r\n\r\nBut for the less serious player - it is also just great fun.\r\nIf you are looking for gifts for sports lover then this product is one of the best cricket gift.", "has_sizes": false, "price": "5.00", "rating": "4.80", "image_url": null, "image": "85087313_l.webp"}}, {"model": "products.product", "pk": 76, "fields": {"category": 10, "sku": "72802590_l_a2", "name": "4 Player Badminton Set", "description": "The Carlton Badminton Set includes a set of four rackets and three shuttlecocks. This Badminton Set is completed with net and poles, finished with the Carlton logo. If you are looking for gifts for sports lover then this product is one of the best badminton gift.", "has_sizes": false, "price": "50.00", "rating": "4.90", "image_url": null, "image": "72802590_l_a2.webp"}}, {"model": "products.product", "pk": 77, "fields": {"category": 10, "sku": "72802490_l", "name": "2 Player Badminton Set", "description": "The Carlton 2 Player Badminton Set features two rackets and a set of 3 synthetic shuttlecocks. This Badminton Set is completed with the Carlton logo. If you are looking for gifts for sports lover then this product is one of the best badminton gift.", "has_sizes": false, "price": "35.00", "rating": "4.70", "image_url": null, "image": "72802490_l.webp"}}, {"model": "products.product", "pk": 78, "fields": {"category": 11, "sku": "74703803_l", "name": "Slazenger Headband", "description": "This Slazenger Headband is constructed from ultra absorbent materials designed to keep the sweat away from your eyes.", "has_sizes": true, "price": "2.00", "rating": "4.70", "image_url": null, "image": "74703803_l.webp"}}, {"model": "products.product", "pk": 79, "fields": {"category": 11, "sku": "72701301_l", "name": "BG65 Badminton String", "description": "Yonex BG65 String", "has_sizes": false, "price": "5.00", "rating": "4.50", "image_url": null, "image": "72701301_l.webp"}}, {"model": "products.product", "pk": 80, "fields": {"category": 11, "sku": "85298803_l", "name": "Gun And Moore Diamond 300 Bag", "description": "This a great starter duffel for any inspiring cricket player. With a volume of 55 litres and crafted from 600 Denier Polyester Fabric, this Holdall features zipped side pockets with an integrated bat pocket. The bag is easily carried with two adjustable padded shoulder straps and is complete with the signature G And M branding.", "has_sizes": true, "price": "45.00", "rating": "5.00", "image_url": null, "image": "85298803_l.webp"}}, {"model": "products.product", "pk": 81, "fields": {"category": 11, "sku": "85287313_l", "name": "Cricket Batting Tee", "description": "This Slazenger Cricket Batting Tee is perfect for practising your shots. Perfect for use with soft or hard cricket balls and set at a height suitable for practising your forward drives, this is decorated in a solid colouring throughout and finished with the Slazenger branding. Ideal for using on your own or with others.", "has_sizes": false, "price": "3.00", "rating": "4.40", "image_url": null, "image": "85287313_l.webp"}}, {"model": "products.product", "pk": 82, "fields": {"category": 11, "sku": "81201603_l", "name": "Flair Slip Shinguards", "description": "The Sondico Flair Slip Shinguards are ideal for wearing whilst playing to provide comfort and protection throughout your game. The shinguards are designed to fit the anatomical form of the leg to provide maximum comfort and protection. The shinguards feature a strap fastening that fits around the back of the leg to ensure they remain in place on every occasion.", "has_sizes": true, "price": "4.00", "rating": "4.30", "image_url": null, "image": "81201603_l.webp"}}, {"model": "products.product", "pk": 83, "fields": {"category": 11, "sku": "84006890_l", "name": "Dual Action Pump", "description": "Perfect for pumping footballs or bike tyres the Sondico Double Action Pump features a double action design to minimise effort needed coupled with the ergonomically shaped handle design.", "has_sizes": false, "price": "2.00", "rating": "4.30", "image_url": null, "image": "84006890_l.webp"}}, {"model": "products.comment", "pk": 17, "fields": {"user": null, "product": 6, "rating": 1.0, "name": "shahery", "content": "Trainers was really good quality and comfortable.", "created_on": "2022-08-25T21:04:32.998Z"}}, {"model": "products.comment", "pk": 42, "fields": {"user": null, "product": 2, "rating": 1.0, "name": "shahery", "content": "nice", "created_on": "2022-09-05T16:01:11.734Z"}}]